<?xml version="1.0" encoding="UTF-8"?>
<project-private xmlns="http://www.netbeans.org/ns/project-private/1">
    <editor-bookmarks xmlns="http://www.netbeans.org/ns/editor-bookmarks/2" lastBookmarkId="0"/>
    <open-files xmlns="http://www.netbeans.org/ns/projectui-open-files/2">
        <group>
            <file>file:/D:/java/ShoppingHub/src/shoppinghub/electronics_items.java</file>
            <file>file:/D:/java/ShoppingHub/src/shoppinghub/ShoppingHub.java</file>
            <file>file:/D:/java/ShoppingHub/src/shoppinghub/login.java</file>
            <file>file:/D:/java/ShoppingHub/src/shoppinghub/mobiles.java</file>
            <file>file:/D:/java/ShoppingHub/src/shoppinghub/vehicles.java</file>
            <file>file:/D:/java/ShoppingHub/src/shoppinghub/Categories.java</file>
            <file>file:/D:/java/ShoppingHub/src/shoppinghub/Registration.java</file>
        </group>
    </open-files>
</project-private>
